{"client_meta":{"background_color":{"r":0.8980392217636108,"g":0.8980392217636108,"b":0.8980392217636108,"a":1},"thumbnail_size":{"width":400,"height":288},"render_coordinates":{"x":-275,"y":-275,"width":932.5849609375,"height":671}},"file_name":"ReactFacts"}